{
  "bash": {
    "revision": "275effdfc0edce774acf7d481f9ea195c6c403cd"
  },
  "beancount": {
    "revision": "78b8ddca3ab774573a4e3bf64eabd79e9452cea9"
  },
  "bibtex": {
    "revision": "ccfd77db0ed799b6c22c214fe9d2937f47bc8b34"
  },
  "c": {
    "revision": "e348e8ec5efd3aac020020e4af53d2ff18f393a9"
  },
  "c_sharp": {
    "revision": "5b6ae1f88e741b9ed738891ad1362fb9f2041671"
  },
  "clojure": {
    "revision": "1b24766fe9feacb8f5006233fe5c2ebd0ba31eff"
  },
  "cmake": {
    "revision": "5020572408a386d5d2dfac3516584f5edda7a49b"
  },
  "comment": {
    "revision": "6975eb268f42df2afc313f96c0693e284685dba7"
  },
  "commonlisp": {
    "revision": "c7e814975ab0d0d04333d1f32391c41180c58919"
  },
  "cooklang": {
    "revision": "5e113412aadb78955c27010daa4dbe1d202013cf"
  },
  "cpp": {
    "revision": "a832195eb3685a279856bb480ce19cff19554b6d"
  },
  "css": {
    "revision": "a03f1d2d1dfbf6f8e0fdca5f9ff030228241eb57"
  },
  "cuda": {
    "revision": "5178a7a5b25dc7ee4a69bf72f31bd6d3ff0a0795"
  },
  "d": {
    "revision": "c2fbf21bd3aa45495fe13247e040ad5815250032"
  },
  "dart": {
    "revision": "6a25376685d1d47968c2cef06d4db8d84a70025e"
  },
  "devicetree": {
    "revision": "877adbfa0174d25894c40fa75ad52d4515a36368"
  },
  "dockerfile": {
    "revision": "189b6b1f86822a61a6203c278cbe2a91824b62e6"
  },
  "dot": {
    "revision": "917230743aa10f45a408fea2ddb54bbbf5fbe7b7"
  },
  "eex": {
    "revision": "f742f2fe327463335e8671a87c0b9b396905d1d1"
  },
  "elixir": {
    "revision": "b4027d7cfc96935b50878bdf9faf80bd64ac73cf"
  },
  "elm": {
    "revision": "5128296ba8542853d59e6b7c8dfe3d1fb9a637ea"
  },
  "erlang": {
    "revision": "fab680273af1a8f5cc0c3a0c62cbf5b1bea71f39"
  },
  "fennel": {
    "revision": "d37fd84a702b78ff0282f223ece83c61ab062a6e"
  },
  "fish": {
    "revision": "d482d70ea8e191c05b2c1b613ed6fdff30a14da0"
  },
  "foam": {
    "revision": "fdb7f14b885abfc4df57728c9b2a2f2ad24d3cb7"
  },
  "fortran": {
    "revision": "f0f2f100952a353e64e26b0fa710b4c296d7af13"
  },
  "fusion": {
    "revision": "19db2f47ba4c3a0f6238d4ae0e2abfca16e61dd6"
  },
  "gdscript": {
    "revision": "2a6abdaa47fcb91397e09a97c7433fd995ea46c6"
  },
  "gleam": {
    "revision": "cfcbca3f8f734773878e00d7bfcedea98eb10be2"
  },
  "glimmer": {
    "revision": "07669a35c06a1fc8e74d16e9854efa8af134a4e9"
  },
  "glsl": {
    "revision": "ffb93961426926554a0ba4a389ea6e9d6fafdea9"
  },
  "go": {
    "revision": "76be132fef9bc397ff2a6df519b2e68c6d54a300"
  },
  "godot_resource": {
    "revision": "b6ef0768711086a86b3297056f9ffb5cc1d77b4a"
  },
  "gomod": {
    "revision": "3cbcb572109ea0bc476a292208722c326c9e6c3a"
  },
  "gowork": {
    "revision": "6dd9dd79fb51e9f2abc829d5e97b15015b6a8ae2"
  },
  "graphql": {
    "revision": "5e66e961eee421786bdda8495ed1db045e06b5fe"
  },
  "hack": {
    "revision": "4770eb21a36307c156cfd2555ddd8e10c304fdc3"
  },
  "haskell": {
    "revision": "ed976b81b00ce7b72b99bca75e7a616cc526220c"
  },
  "hcl": {
    "revision": "3cb7fc28247efbcb2973b97e71c78838ad98a583"
  },
  "heex": {
    "revision": "592e22292a367312c35e13de7fdb888f029981d6"
  },
  "hjson": {
    "revision": "02fa3b79b3ff9a296066da6277adfc3f26cbc9e0"
  },
  "hocon": {
    "revision": "bb412e2633f4a3611a4e16efe58d917093bb4782"
  },
  "html": {
    "revision": "161a92474a7bb2e9e830e48e76426f38299d99d1"
  },
  "http": {
    "revision": "bfddd16b1cf78e0042fd1f6846a179f76a254e20"
  },
  "java": {
    "revision": "881b84fe7078651af5077cc4cea4c85f9fddde3b"
  },
  "javascript": {
    "revision": "fdeb68ac8d2bd5a78b943528bb68ceda3aade2eb"
  },
  "jsdoc": {
    "revision": "189a6a4829beb9cdbe837260653b4a3dfb0cc3db"
  },
  "json": {
    "revision": "203e239408d642be83edde8988d6e7b20a19f0e8"
  },
  "json5": {
    "revision": "5dd5cdc418d9659682556b6adca2dd9ace0ac6d2"
  },
  "jsonc": {
    "revision": "02b01653c8a1c198ae7287d566efa86a135b30d5"
  },
  "julia": {
    "revision": "12ea597262125fc22fd2e91aa953ac69b19c26ca"
  },
  "kotlin": {
    "revision": "a4f71eb9b8c9b19ded3e0e9470be4b1b77c2b569"
  },
  "lalrpop": {
    "revision": "7744b56f03ac1e5643fad23c9dd90837fe97291e"
  },
  "latex": {
    "revision": "b71e4928a63a6d75bc1670004a5b5a98c850a149"
  },
  "ledger": {
    "revision": "0cdeb0e51411a3ba5493662952c3039de08939ca"
  },
  "llvm": {
    "revision": "3b213925b9c4f42c1acfe2e10bfbb438d9c6834d"
  },
  "lua": {
    "revision": "547184a6cfcc900fcac4a2a56538fa8bcdb293e6"
  },
  "make": {
    "revision": "a4b9187417d6be349ee5fd4b6e77b4172c6827dd"
  },
  "markdown": {
    "revision": "b49b2da50864171eff56acc8ba067c3540a3991f"
  },
  "ninja": {
    "revision": "0a95cfdc0745b6ae82f60d3a339b37f19b7b9267"
  },
  "nix": {
    "revision": "6d6aaa50793b8265b6a8b6628577a0083d3b923d"
  },
  "norg": {
    "revision": "17d61df817c1e0a9cdef8d915d4e4c556b7cf68c"
  },
  "ocaml": {
    "revision": "23d419ba45789c5a47d31448061557716b02750a"
  },
  "ocaml_interface": {
    "revision": "23d419ba45789c5a47d31448061557716b02750a"
  },
  "ocamllex": {
    "revision": "ac1d5957e719d49bd6acd27439b79843e4daf8ed"
  },
  "pascal": {
    "revision": "2fd40f477d3e2794af152618ccfac8d92eb72a66"
  },
  "perl": {
    "revision": "bbf86084d9b7eb4768f3fb9fe094b3e0600057b1"
  },
  "php": {
    "revision": "ead3e4cc5f54602a6b54826c5d6881c9a9da15af"
  },
  "phpdoc": {
    "revision": "d9150d4cb5941f6ff10adba89bfa1f11f4b05b37"
  },
  "pioasm": {
    "revision": "924aadaf5dea2a6074d72027b064f939acf32e20"
  },
  "prisma": {
    "revision": "bf0833cbedb2c5b39250f5ba900f1239a16c6749"
  },
  "pug": {
    "revision": "5875f9a7d94836708119b0a1102bb5792e8bf673"
  },
  "python": {
    "revision": "78c4e9b6b2f08e1be23b541ffced47b15e2972ad"
  },
  "ql": {
    "revision": "8e7fd7e638d4a0ec7a792ee16b19dbc6407aa810"
  },
  "query": {
    "revision": "5217c6805c09f8fc00ed13d17d5fcb791437aee6"
  },
  "r": {
    "revision": "c19e54de252d5573cc2a762a030957074526fe99"
  },
  "rasi": {
    "revision": "e2961f02244c068a67549adf896b0779e4a29516"
  },
  "regex": {
    "revision": "e1cfca3c79896ff79842f057ea13e529b66af636"
  },
  "rst": {
    "revision": "b74770c0166f28c1a0ab293513a78712ca1c338b"
  },
  "ruby": {
    "revision": "1ebfdb288842dae5a9233e2509a135949023dd82"
  },
  "rust": {
    "revision": "0509e440ae042db6483984b3a56b3c5f24b5d9b9"
  },
  "scala": {
    "revision": "0a3dd53a7fc4b352a538397d054380aaa28be54c"
  },
  "scss": {
    "revision": "c478c6868648eff49eb04a4df90d703dc45b312a"
  },
  "slint": {
    "revision": "0d4dda94f96623302dfc234e06be62a5717f47da"
  },
  "solidity": {
    "revision": "52ed0880c0126df2f2c7693f215fe6f38e4a2e0a"
  },
  "sparql": {
    "revision": "05f949d3c1c15e3261473a244d3ce87777374dec"
  },
  "supercollider": {
    "revision": "0f0e5b5a96dd3e048a9c3db648ed969c44068bff"
  },
  "surface": {
    "revision": "f4586b35ac8548667a9aaa4eae44456c1f43d032"
  },
  "svelte": {
    "revision": "98274d94ec33e994e8354d9ddfdef58cca471294"
  },
  "swift": {
    "revision": "b5105ae530f50789a4a2ec6801857ecac23678fb"
  },
  "teal": {
    "revision": "fcc5f6f4d194dede4e676834ff28a506e39e17b4"
  },
  "tlaplus": {
    "revision": "dde405e5128c3c47ab8aa014d21b6e5296ca450f"
  },
  "todotxt": {
    "revision": "0207f6a4ab6aeafc4b091914d31d8235049a2578"
  },
  "toml": {
    "revision": "8bd2056818b21860e3d756b5a58c4f6e05fb744e"
  },
  "tsx": {
    "revision": "e8e8e8dc2745840b036421b4e43286750443cb13"
  },
  "turtle": {
    "revision": "085437f5cb117703b7f520dd92161140a684f092"
  },
  "typescript": {
    "revision": "e8e8e8dc2745840b036421b4e43286750443cb13"
  },
  "vala": {
    "revision": "31a08784cc74b61cb10c5d8314cf8a8aa98aa9a8"
  },
  "verilog": {
    "revision": "8f6b1f357d1231c420404b5f7a368a73c25adfa2"
  },
  "vim": {
    "revision": "c9d70082af14988842eb071c6c0b07e8d1d993ac"
  },
  "vue": {
    "revision": "91fe2754796cd8fba5f229505a23fa08f3546c06"
  },
  "yaml": {
    "revision": "0e36bed171768908f331ff7dff9d956bae016efb"
  },
  "yang": {
    "revision": "8e9d175982afcefa3dac8ca20d40d1643accd2bd"
  },
  "zig": {
    "revision": "42e93d02ca945094699e2dc4de785bbaf8f740ec"
  }
}
